<?xml version="1.0" encoding="utf-8" ?>
<schemalist>
  <schema
        id="org.gnome.shell.extensions.typescript-template"
        path="/org/gnome/shell/extensions/typescript-template/"
    >
    <key name="padding-inner" type="i">
      <default>8</default>
      <summary>Inner padding</summary>
      <description>Padding between windows</description>
    </key>
    <key name="animate" type="b">
      <default>true</default>
      <summary>Animation</summary>
      <description>Whether to animate window movement/resizing</description>
    </key>
  </schema>
</schemalist>
